ttl,dead_ratio,strategy,n_runs,far_mean,far_std,far_ci95,delay_mean_mean,delay_mean_std,delay_mean_ci95,bandwidth_mb_mean,bandwidth_mb_std,bandwidth_mb_ci95,bandwidth_per_node_kb_mean,bandwidth_per_node_kb_std,bandwidth_per_node_kb_ci95,expired_ttl_rate_mean,expired_ttl_rate_std,expired_ttl_rate_ci95,coverage_rate_mean,coverage_rate_std,coverage_rate_ci95
3600,0.0,PULL,5,0.044416957160567996,0.00401217628329241,0.0035168275716044783,42864.934039912434,481.17287371837745,421.76661978877985,34.8453125,1.634371810180297,1.4325900554844304,71.36319999999999,3.3471934672492485,2.9339444336321137,0.7380693777729272,0.004374968257708435,0.0038348287580668326,0.9258102110026731,0.014683968727771867,0.012871066083873367
3600,0.0,PUSH,5,0.03749579036964894,0.004408559893652156,0.003864273125193502,39615.141757487974,318.543786257972,279.2159394741315,95.14928436279297,9.314827310780835,8.164806129706381,194.865734375,19.076766332479153,16.721522953638672,0.6675818129450404,0.006721763965052417,0.005891885892589764,0.931186585840762,0.011607539284572133,0.010174456781586605
3600,0.0,GOSSIP,5,0.02000406640901744,0.004221723956788922,0.00370050420585081,6166.003304258795,173.82584817285132,152.36507380233286,229.17169723510742,34.73118264211722,30.44322384808006,361.0335661057692,54.714970808504674,47.95978649297536,0.8039398794952014,0.011710465705485371,0.010264675767332965,0.9888345022320655,0.007614650876454355,0.0066745357779946736
3600,0.0,MIXED,5,0.0021004930320883417,0.0006054570186813955,0.0005307064760805765,1541.2639255212712,24.665954853718095,21.620662698878977,503.4665412902832,43.00914734665071,37.69917983159495,793.1534435096153,67.75594905072357,59.39070791931266,0.05711592879231846,0.008126933237639121,0.007123571065841702,0.9966770522096313,0.0024673959597146505,0.002162767916585474
3600,0.1,PULL,5,0.1394735542916719,0.0071780089573929414,0.006291802260958539,42188.89559301678,540.68420071938,473.9305978501203,31.52669448852539,1.367804461819725,1.1989334725701168,64.56667031250001,2.8012635378067965,2.455415751823599,0.7631517060014487,0.0026055999643376723,0.0022839090678325844,0.9283583315376724,0.013466680874509938,0.01180406623574661
3600,0.1,PUSH,5,0.1339371140140717,0.006301323239249193,0.005523353347574863,39002.47036587801,383.5164876687754,336.1670232723819,86.15833206176758,8.35540409081978,7.323834598408719,176.4522640625,17.111867577998908,14.999213257541053,0.7003416068631961,0.004603826810818315,0.00403543212460532,0.9340679994777252,0.009569473548866751,0.008388013398747667
3600,0.1,GOSSIP,5,0.023196099161096464,0.007302091233383735,0.006400565171294515,6442.208224642678,977.2587610273415,856.6050723356282,215.07557373046876,41.06579778987695,35.995758840102795,338.82675000000006,64.69442605666771,56.70716469579272,0.8614432054259824,0.027180938579032816,0.023825143131145855,0.9861900418186572,0.016172893158440435,0.01417616589008472
3600,0.1,MIXED,5,0.0025022938316720763,0.0010803824709063883,0.0009469969894851821,1157.9279707581532,7.452172602015607,6.532117291122006,503.14575958251953,42.48567388526975,37.240335111921496,792.6480889423076,66.93127701310188,58.66785100708862,0.06055865014339351,0.008586438381875408,0.0075263450833427895,0.9976526619657289,0.002655971678837492,0.0023280618223163892
3600,0.2,PULL,5,0.23650124346395715,0.0036284321228234363,0.003180460984323811,42511.468254517255,758.2919868646803,664.6722323337386,27.980622863769533,1.2783541850390212,1.1205268479708896,57.304315625,2.618069370959916,2.2948389846443824,0.7899936265963319,0.001694236728691757,0.0014850639701700014,0.9298786463945147,0.010959059617471149,0.009606039291462224
3600,0.2,PUSH,5,0.23171704671280047,0.003571126670767224,0.0031302305409024248,39259.18678946327,597.6211802004958,523.8380608190083,76.4502067565918,7.560509465897866,6.627078739229075,156.57002343749997,15.483923386158827,13.572257257941144,0.7341314626778493,0.0030754986610112135,0.002695793435726417,0.9354027481218884,0.010513075964588831,0.009215117383700401
3600,0.2,GOSSIP,5,0.024744063426208756,0.007661724756204501,0.0067157978528683765,6923.182918616539,1030.4864724576137,903.261218505202,186.42747650146484,36.938642003305354,32.378147290240555,293.6949783653846,58.192568325207205,51.008035115702036,0.8923085231766456,0.02525155227832451,0.022133961473235528,0.9840842400960993,0.00933465769429426,0.0081821882272443
3600,0.2,MIXED,5,0.002160575894662995,0.00023020149342373715,0.00020178050562443922,995.1220387545794,14.086361853634886,12.347240562871917,502.463200378418,41.85175981859199,36.684684933487446,791.5727956730769,65.93261854498184,57.79248826444792,0.0640686032460983,0.007837305168690691,0.006869700870100313,0.9979538667850061,0.0028533010367127326,0.0025010286307172347
3600,0.3,PULL,5,0.3290957775052767,0.008687620688180353,0.00761503528522987,42102.467882296536,515.2252452295335,451.6148394464365,24.402099609375,1.0867263890060341,0.952557678874066,49.9755,2.2256156446843565,1.950838126334086,0.8164564316733923,0.0028180550003943958,0.0024701341177243057,0.9295926578632864,0.010200416880342032,0.0089410596129662
3600,0.3,PUSH,5,0.3250837441941911,0.008720047738864353,0.007643458848368459,38876.344555892465,230.84847181030483,202.34760718415592,66.70080490112305,6.432109394967306,5.63799246757788,136.60324843749999,13.17296004089304,11.546608573599496,0.7672783929043476,0.003446665203467876,0.0030211352547298274,0.9337427962256928,0.00913494106452325,0.008007128882765486
3600,0.3,GOSSIP,5,0.03603383486133495,0.016356555859597565,0.014337153345694402,9206.23887703361,3849.556760312924,3374.285274926996,147.88404922485353,48.52240433498643,42.53176265370597,232.97425600961543,76.4414492908094,67.00388454983833,0.9376273677077693,0.024576081675299705,0.021541885384650364,0.9818362859382146,0.00805604093996905,0.007061431227146501
3600,0.3,MIXED,5,0.0026498168937453765,0.0005911387753519407,0.0005181559824425833,878.1476742049388,10.911459529402158,9.564315974660586,502.1418601989746,41.06005667621335,35.99072653209879,791.0665612980769,64.68538159452692,56.69923687518336,0.0672681229676008,0.008144098795511406,0.0071386173407171636,0.9982790700370385,0.0030019445500594276,0.0026313204148182166
3600,0.5,PULL,5,0.5206721899617623,0.009596416727181412,0.008411630135818327,41735.36858340413,922.2884204359419,808.4214443586235,17.369692230224608,0.6760027087538334,0.5925424998210449,35.5731296875,1.3844535475278499,1.2135270396334992,0.869998762248974,0.0013907673084775087,0.0012190612951149306,0.9298167049159346,0.011914576336133678,0.010443586623396471
3600,0.5,PUSH,5,0.5173970264339325,0.010107903661462657,0.008859968201243412,38616.36349936812,1003.5978448952601,879.692297277172,47.501136779785156,4.347387722804431,3.810653353313578,97.28232812500002,8.903450056303472,7.804218067586206,0.8348351726150632,0.001991636241568924,0.00174574613685932,0.9366832989900153,0.009563911010317913,0.008383137618733182
3600,0.5,GOSSIP,5,0.07032190146649046,0.016483954866570342,0.014448823498918385,13026.164117849174,6506.474910147171,5703.176715650476,117.6091407775879,52.188565379285876,45.74529449581992,185.27963100961534,82.21706299752114,72.06643317495323,0.9761350621905848,0.012617808867599827,0.01105999711518072,0.9757707110529923,0.014644869091163706,0.012836793741295623
3600,0.5,MIXED,5,0.0033346330910296374,0.00046748817090726095,0.0004097714488996646,738.9909509983643,2.831298430538453,2.4817424960667993,498.1601257324219,39.41620074156557,34.54982327498394,784.7937980769232,62.09567624517403,54.429260051666986,0.07869481685059926,0.008961378007308294,0.007854994155393877,0.9986256904876452,0.002257517823772252,0.0019788016192338813
3600,0.7,PULL,5,0.7074916553817391,0.006862598493284483,0.006015332799442521,41113.510172013855,1183.190200232197,1037.1119374680657,10.491017913818359,0.47197911990059144,0.4137079392548325,21.4856046875,0.9666132375564122,0.8472738595938978,0.9218426226655143,0.0015863005027246337,0.0013904536966790734,0.9351026983611822,0.022214882331831054,0.01947220290640424
3600,0.7,PUSH,5,0.7055207967287431,0.0069508612090005565,0.006092698480872714,37891.92247353081,882.9222065972807,773.915436535888,28.799520874023436,2.836027004371923,2.485887273777879,58.98141875,5.808183304953697,5.091097136697096,0.9006789849051634,0.0018235960708049464,0.0015984524329059808,0.9383684043775375,0.021237599415050146,0.018615576660617063
3600,0.7,GOSSIP,5,0.33571949671760526,0.3717773721767081,0.3258772348598764,15702.799974711892,3340.839002018379,2928.3744992750953,51.459981536865236,34.21777674918113,29.99320374123166,81.06926322115385,53.90615906332535,47.25083174003265,0.9944850824270247,0.0035280442964222385,0.003092467174776773,0.7583639980322643,0.42436099939296495,0.37196881632382733
3600,0.7,MIXED,5,0.003663610589309808,0.0007218622550923812,0.0006327401645289203,651.0934267908881,11.460627450513494,10.045682881306124,491.2754981994629,38.36569694684746,33.62901609990436,773.9478617788461,60.44072872857198,52.97863459431086,0.09885137142935066,0.010117767707866284,0.008868614419133768,0.9982790700370385,0.0030019445500594276,0.0026313204148182166
14400,0.0,PULL,5,0.05631745881776,0.003477985390907052,0.0030485886094571836,47144.36223992058,566.3696060595262,496.4448482992399,14.498263549804687,0.6927701335864546,0.6072397957005216,29.692443750000002,1.4187932335850593,1.2436271015946685,0.47035770588258635,0.003858516394473589,0.0033821387405334126,0.9178336363239346,0.017318686367232026,0.01518049791926684
14400,0.0,PUSH,5,0.03749579036964894,0.004408559893652156,0.003864273125193502,39615.141757487974,318.543786257972,279.2159394741315,95.14928436279297,9.314827310780835,8.164806129706381,194.865734375,19.076766332479153,16.721522953638672,0.3104449912148767,0.0051102346668421795,0.00447931818164576,0.931186585840762,0.011607539284572133,0.010174456781586605
14400,0.0,GOSSIP,5,0.03347884588790477,0.0022717068492877778,0.0019912388484640614,10921.235023059211,298.76943170637514,261.8829534866188,73.80241775512695,5.6234734438268354,4.929191804904166,116.2671935096154,8.859133548428739,7.7653729357259484,0.24862315035218482,0.013756475979803357,0.012058082845299864,0.9865930951320936,0.0046070630043927845,0.004038268773343098
14400,0.0,MIXED,5,0.0020616052234163607,0.0005928821030883934,0.0005196840765782847,1541.2639255212712,24.665954853718095,21.620662698878977,503.498885345459,43.02063369664843,37.70924806128299,793.2043978365385,67.77404446979695,59.40656925346739,0.002139814827420759,0.0014557743272116312,0.0012760424593733378,0.9966770522096313,0.0024673959597146505,0.002162767916585474
14400,0.1,PULL,5,0.15020805371583215,0.006987291877560315,0.006124631369807944,46474.37254874703,486.0038363137273,426.00114520668455,13.071481323242187,0.598171431337979,0.524320377206667,26.77039375,1.2250550913801812,1.0738081325192543,0.5231545342667945,0.0023195270468435378,0.002033155099737464,0.9216958972157062,0.01651965383517145,0.014480115024561719
14400,0.1,PUSH,5,0.1339371140140717,0.006301323239249193,0.005523353347574863,39002.47036587801,383.5164876687754,336.1670232723819,86.15833206176758,8.35540409081978,7.323834598408719,176.4522640625,17.111867577998908,14.999213257541053,0.37895430943199415,0.0038893757471264844,0.0034091881557606297,0.9340679994777252,0.009569473548866751,0.008388013398747667
14400,0.1,GOSSIP,5,0.0386428965944315,0.005461687127537218,0.004787379846091443,11301.863057146878,860.7293156157018,754.4625098978835,68.91141815185547,9.872423383145158,8.653560636649441,108.56198798076923,15.552863914370219,13.632686295275427,0.2953421119603645,0.06110882241320095,0.05356424452882498,0.973464088945484,0.017496725848108484,0.015336556404978904
14400,0.1,MIXED,5,0.0022254498530286113,0.0006389089192266663,0.0005600283597301253,1157.9279707581532,7.452172602015607,6.532117291122006,503.1798156738281,42.49947282002521,37.25243041152457,792.7017403846154,66.95301564262434,58.6869057560018,0.002203775148251362,0.0016421959386020565,0.0014394482064266014,0.9976526619657289,0.002655971678837492,0.0023280618223163892
14400,0.2,PULL,5,0.24484212992645044,0.003568439462857892,0.003127875099316888,46652.596184823524,851.0033204786009,745.9372992779307,11.635660552978516,0.5299257973788762,0.46450044154021924,23.8298328125,1.0852880330319397,0.9512969042743701,0.5769592777708932,0.0022099692327602373,0.0019371234415928985,0.9237277904484438,0.01076224430792941,0.009433523066292212
14400,0.2,PUSH,5,0.23171704671280047,0.003571126670767224,0.0031302305409024248,39259.18678946327,597.6211802004958,523.8380608190083,76.4502067565918,7.560509465897866,6.627078739229075,156.57002343749997,15.483923386158827,13.572257257941144,0.4494424425280217,0.002218236714900477,0.0019443702092036886,0.9354027481218884,0.010513075964588831,0.009215117383700401
14400,0.2,GOSSIP,5,0.03687777592920657,0.004957628534762656,0.004345553009081416,11534.76680561043,816.9289343514299,716.069782958534,66.11433639526368,10.808557524381238,9.474118390387448,104.15550841346153,17.027635238409825,14.92538035654884,0.32334677565819536,0.05293891818782497,0.046403007731524434,0.9751168522671924,0.012694037650997702,0.011126814589856465
14400,0.2,MIXED,5,0.002121003278913094,0.00019918081926370654,0.00017458968586159699,995.1220387545794,14.086361853634886,12.347240562871917,502.49500274658203,41.86511843359475,36.69639427581017,791.6228966346155,65.95366350154003,57.810934982199406,0.0024335796395493353,0.001743652035128168,0.0015283783960237543,0.9979538667850061,0.0028533010367127326,0.0025010286307172347
14400,0.3,PULL,5,0.33729313176939746,0.007659381503216734,0.0067137439010644786,46436.67332090599,513.2386436567341,449.87350639132944,10.138343048095702,0.4511953377147967,0.3954901509344139,20.7633265625,0.924048051639903,0.8099638291136791,0.6287326233504873,0.0007363725376784785,0.0006454589879971364,0.920959821917345,0.014249787355099542,0.012490489330840448
14400,0.3,PUSH,5,0.3250837441941911,0.008720047738864353,0.007643458848368459,38876.344555892465,230.84847181030483,202.34760718415592,66.70080490112305,6.432109394967306,5.63799246757788,136.60324843749999,13.17296004089304,11.546608573599496,0.5173153225949916,0.0017472451163545858,0.0015315278705811662,0.9337427962256928,0.00913494106452325,0.008007128882765486
14400,0.3,GOSSIP,5,0.04768779410002213,0.01527982815218967,0.01339335989766195,14037.486324104106,3990.557322601766,3497.877717047266,56.33897933959961,13.40516181524359,11.750142402761503,88.75556129807693,21.118285690476053,18.51099356988889,0.42690751512958947,0.12391133103410092,0.10861307047489374,0.9738527764681155,0.0030501500326683196,0.0026735743833308703
14400,0.3,MIXED,5,0.0025318923654434897,0.0003964939642191963,0.0003475422830116969,878.1476742049388,10.911459529402158,9.564315974660586,502.18869705200194,41.07899050739706,36.00732276687049,791.1403473557692,64.71520966088399,56.72538232811598,0.002690596452025069,0.002010525812457745,0.0017623035757720162,0.9982790700370385,0.0030019445500594276,0.0026313204148182166
14400,0.5,PULL,5,0.5259101382592462,0.00923086142680807,0.008091206787359629,45764.88408813822,704.8502511829132,617.8284856362958,7.22369384765625,0.30291210902540133,0.26551417025954094,14.794125,0.620363999284022,0.5437730206915399,0.7366155045153218,0.00229558951605748,0.0020121729288854247,0.925571998998117,0.011668944692767209,0.010228280995015446
14400,0.5,PUSH,5,0.5173970264339325,0.010107903661462657,0.008859968201243412,38616.36349936812,1003.5978448952601,879.692297277172,47.501136779785156,4.347387722804431,3.810653353313578,97.28232812500002,8.903450056303472,7.804218067586206,0.6564286072025629,0.004154718277544149,0.003641771138412226,0.9366832989900153,0.009563911010317913,0.008383137618733182
14400,0.5,GOSSIP,5,0.0632651170534569,0.019231374454859472,0.016857042948072946,17130.87851539588,6219.873353847704,5451.959375212083,51.494895935058594,19.527585167534617,17.116683085441416,81.12426682692308,30.763457248546846,26.96535919921848,0.5550097228242199,0.1412768198908634,0.12383459258501828,0.9751720377071905,0.016384016473464012,0.014361223635023627
14400,0.5,MIXED,5,0.003139873388073213,0.0005010316469400398,0.00043917360200314856,738.9909509983643,2.831298430538453,2.4817424960667993,498.20802307128906,39.44311788912627,34.573417195092745,784.8692548076923,62.13808110533124,54.46642955042304,0.0030466186903108346,0.00180067398262308,0.0015783603367405087,0.9986256904876452,0.002257517823772252,0.0019788016192338813
14400,0.7,PULL,5,0.7115328413677943,0.007345001935537137,0.006438178060109597,45553.91257290468,1189.3542864213066,1042.5149972373683,4.350531005859375,0.18341519556413233,0.16077050739202456,8.9098875,0.37563432051534273,0.32925799913886605,0.8422309717433979,0.001404265455203926,0.0012308929423859405,0.9301410992567835,0.01956737078447531,0.01715155671629183
14400,0.7,PUSH,5,0.7055207967287431,0.0069508612090005565,0.006092698480872714,37891.92247353081,882.9222065972807,773.915436535888,28.799520874023436,2.836027004371923,2.485887273777879,58.98141875,5.808183304953697,5.091097136697096,0.7947778046299993,0.002030775531691701,0.0017800532372751212,0.9383684043775375,0.021237599415050146,0.018615576660617063
14400,0.7,GOSSIP,5,0.29606847001798464,0.39379119326411544,0.3451731998150932,19785.557188000672,3676.280264859133,3222.401730013853,29.288048553466798,18.471467279353607,16.19095494047272,46.13994110576923,29.099665375473993,25.506981321606258,0.8005404236266198,0.1207158094440866,0.10581207230334838,0.7550107342822066,0.42244367873534194,0.3702882106683843
14400,0.7,MIXED,5,0.003404851052353564,0.0006404242592330294,0.0005613566138093204,651.0934267908881,11.460627450513494,10.045682881306124,491.336563873291,38.396157463637884,33.65571592008424,774.044063701923,60.48871575810031,53.02069708025581,0.003979800088621002,0.002242788499420463,0.0019658907971926896,0.9982790700370385,0.0030019445500594276,0.0026313204148182166
28800,0.0,PULL,5,0.0736009307011356,0.003877883027305119,0.003399114342675992,55013.324046409674,549.9694778681935,482.0695021208319,9.288137817382813,0.43909504820336803,0.38488377953558084,19.02210625,0.8992666587204977,0.7882419804888696,0.2996217946931585,0.002637029276429646,0.0023114580745354787,0.9010093198326785,0.017985483562591713,0.015764971430830783
28800,0.0,PUSH,5,0.03749579036964894,0.004408559893652156,0.003864273125193502,39615.141757487974,318.543786257972,279.2159394741315,95.14928436279297,9.314827310780835,8.164806129706381,194.865734375,19.076766332479153,16.721522953638672,0.11496981420927158,0.002897035936537408,0.002539363960644105,0.931186585840762,0.011607539284572133,0.010174456781586605
28800,0.0,GOSSIP,5,0.05554559234572878,0.0026045970608774113,0.0022830299841902755,17861.59997801335,256.26094235490547,224.62261973681964,37.602149200439456,1.3436221889427102,1.1777367758167627,59.23784735576923,2.1167217253497475,1.8553883975944083,0.12090970045787279,0.01744962296889929,0.015295268910958598,0.9683087079699257,0.01855465168687243,0.016263869288505733
28800,0.0,MIXED,5,0.0020616052234163607,0.0005928821030883934,0.0005196840765782847,1541.2639255212712,24.665954853718095,21.620662698878977,503.5022117614746,43.023097042012736,37.71140727869616,793.2096382211538,67.77792518618621,59.409970851361315,0.0013334491178688436,0.0010576114659781796,0.000927037323630483,0.9966770522096313,0.0024673959597146505,0.002162767916585474
28800,0.1,PULL,5,0.1661588408638727,0.0074011777539486606,0.0064874183359842595,54446.6721117103,605.2684824656219,530.5412168010578,8.356782531738281,0.38603315137441274,0.33837297627232804,17.114690625,0.7905958940147967,0.6929878554057274,0.3699428202169134,0.001712235958324003,0.001500840990562131,0.9061339879229596,0.0157975114819503,0.01384712934319793
28800,0.1,PUSH,5,0.1339371140140717,0.006301323239249193,0.005523353347574863,39002.47036587801,383.5164876687754,336.1670232723819,86.15833206176758,8.35540409081978,7.323834598408719,176.4522640625,17.111867577998908,14.999213257541053,0.20270834389702266,0.000977020199318115,0.0008563959637777539,0.9340679994777252,0.009569473548866751,0.008388013398747667
28800,0.1,GOSSIP,5,0.060638805089084466,0.005798272098611398,0.005082409581297896,18237.544176551524,685.9664131511662,601.2760717943836,36.30958786010742,3.401077028245527,2.9811754572930287,57.20156610576923,5.358004426036027,4.696497951181629,0.14447670543706076,0.030554101875054838,0.026781851123357948,0.9713869474760258,0.015672865132116062,0.013737872000338311
28800,0.1,MIXED,5,0.0022254498530286113,0.0006389089192266663,0.0005600283597301253,1157.9279707581532,7.452172602015607,6.532117291122006,503.18511962890625,42.50213991450607,37.25476822291272,792.710096153846,66.95721734223726,58.69058870809636,0.0013886546660220483,0.0011098748403974498,0.0009728481911410075,0.9976526619657289,0.002655971678837492,0.0023280618223163892
28800,0.2,PULL,5,0.2591510753199919,0.002515599956265191,0.0022050205825105505,54599.868631737445,486.3444903975892,426.2997416765092,7.445101165771485,0.34576376868661,0.30307530604839106,15.2475671875,0.7081241982701769,0.6206982267871045,0.44040678996894006,0.0013872900284499787,0.0012160133247837337,0.9071183798237638,0.016120881626632978,0.014130575772356458
28800,0.2,PUSH,5,0.23171704671280047,0.003571126670767224,0.0031302305409024248,39259.18678946327,597.6211802004958,523.8380608190083,76.4502067565918,7.560509465897866,6.627078739229075,156.57002343749997,15.483923386158827,13.572257257941144,0.29255632005250665,0.0017783558875092383,0.0015587976638417893,0.9354027481218884,0.010513075964588831,0.009215117383700401
28800,0.2,GOSSIP,5,0.057868230222191085,0.003907087392008467,0.003424713097004814,18156.73025829763,896.4486733148893,785.7719073736649,37.49836349487305,6.558686186720162,5.748941917385302,59.07434495192308,10.332453315694531,9.056794651388538,0.15798657284216505,0.040264894864859666,0.0352937364736857,0.9624722433232185,0.00911157332732553,0.00798664615801454
28800,0.2,MIXED,5,0.002121003278913094,0.00019918081926370654,0.00017458968586159699,995.1220387545794,14.086361853634886,12.347240562871917,502.4985748291016,41.86612359762841,36.69727534093243,791.6285240384616,65.9552470214946,57.81232299863816,0.0015962765544257304,0.001172150312849149,0.0010274350495163103,0.9979538667850061,0.0028533010367127326,0.0025010286307172347
28800,0.3,PULL,5,0.3497450331811411,0.0074532876270699145,0.00653309465367468,54146.66503062856,476.00558923678614,417.237295239692,6.49134521484375,0.2953521355952853,0.2588875613763909,13.294274999999999,0.6048811736991442,0.5302017256988485,0.510018661825,0.0020419031793841185,0.0017898070505297276,0.9060205844031556,0.014283206155359766,0.01251978220081092
28800,0.3,PUSH,5,0.3250837441941911,0.008720047738864353,0.007643458848368459,38876.344555892465,230.84847181030483,202.34760718415592,66.70080490112305,6.432109394967306,5.63799246757788,136.60324843749999,13.17296004089304,11.546608573599496,0.38047029314643316,0.0018029399272328336,0.001580346524763327,0.9337427962256928,0.00913494106452325,0.008007128882765486
28800,0.3,GOSSIP,5,0.06859292073440573,0.014714756051346742,0.012898052362829978,20785.983468740615,4182.880184104148,3666.4561378903336,34.777296447753905,8.058962332510076,7.063991940612294,54.787617788461546,12.69596527460049,11.128504226441523,0.24029783277018782,0.10925091849137186,0.09576265229759053,0.970286315502301,0.009261629351573474,0.00811817606251003
28800,0.3,MIXED,5,0.0025318923654434897,0.0003964939642191963,0.0003475422830116969,878.1476742049388,10.911459529402158,9.564315974660586,502.1934700012207,41.07981539989713,36.00804581702657,791.1478665865385,64.71650918383794,56.726521410208015,0.001856636756194571,0.0015538767956156752,0.0013620330643132291,0.9982790700370385,0.0030019445500594276,0.0026313204148182166
28800,0.5,PULL,5,0.5351016639750389,0.008810490667356018,0.007722735570555533,53548.892398954966,1054.7140163062047,924.4975970147381,4.635996246337891,0.20910672151182097,0.1832901227901993,9.4945203125,0.42825056565620917,0.375378171474328,0.6514529113622524,0.002216168792090929,0.0019425575949417347,0.9013074935479564,0.011720230897773208,0.010273235335770398
28800,0.5,PUSH,5,0.5173970264339325,0.010107903661462657,0.008859968201243412,38616.36349936812,1003.5978448952601,879.692297277172,47.501136779785156,4.347387722804431,3.810653353313578,97.28232812500002,8.903450056303472,7.804218067586206,0.5587488156123513,0.0030546695761973384,0.002677535937901667,0.9366832989900153,0.009563911010317913,0.008383137618733182
28800,0.5,GOSSIP,5,0.07925569570634075,0.01705119613836355,0.01494603239592062,23160.05349301472,5080.416978147462,4453.181825135261,31.402978515625,8.996055470194056,7.8853902917993945,49.47176923076923,14.17224738689033,12.42252255200397,0.3328534544981247,0.12149592298194958,0.10649587196847353,0.9680147311451668,0.017052043947995834,0.014946775533828768
28800,0.5,MIXED,5,0.003139873388073213,0.0005010316469400398,0.00043917360200314856,738.9909509983643,2.831298430538453,2.4817424960667993,498.2152359008789,39.443600377814974,34.57384011507522,784.8806177884614,62.138841210588495,54.46709581205695,0.0021198073228179187,0.0010829143637156385,0.0009492162913830069,0.9986256904876452,0.002257517823772252,0.0019788016192338813
28800,0.7,PULL,5,0.7173242537321989,0.006652729933403183,0.0058313748958785695,53480.77242055869,1095.2422755561597,960.0221825502506,2.784284210205078,0.13736170256207839,0.12040284093809439,5.7022140624999995,0.28131676684713647,0.24658501824121726,0.791272695194835,0.0011276880732079603,0.0009884621781306331,0.9150901381815272,0.019506611986633504,0.017098299281827295
28800,0.7,PUSH,5,0.7055207967287431,0.0069508612090005565,0.006092698480872714,37891.92247353081,882.9222065972807,773.915436535888,28.799520874023436,2.836027004371923,2.485887273777879,58.98141875,5.808183304953697,5.091097136697096,0.7362964531846726,0.0008828136504825133,0.0007738202829059068,0.9383684043775375,0.021237599415050146,0.018615576660617063
28800,0.7,GOSSIP,5,0.28735793635949436,0.39877710761776036,0.349543546437592,26038.780118308354,3991.759985436184,3498.9318975011597,19.397206115722657,12.249451590715081,10.737117726021285,30.55806009615385,19.297597582911145,16.91509007914738,0.5938963414730565,0.2366096072992724,0.2073974650918758,0.7468806529813935,0.41868473364455117,0.366993350023679
28800,0.7,MIXED,5,0.003404851052353564,0.0006404242592330294,0.0005613566138093204,651.0934267908881,11.460627450513494,10.045682881306124,491.34755630493163,38.399795948566215,33.65890519274111,774.0613810096154,60.49444777127971,53.02572141133369,0.0030252900503624997,0.0011430977506928432,0.0010019693559867114,0.9982790700370385,0.0030019445500594276,0.0026313204148182166
86400,0.0,PULL,5,0.16126046080834652,0.004473201046123389,0.003920933593532788,97157.47886877283,665.700661104294,583.5123569111346,3.821087646484375,0.18101807920261795,0.1586693422593699,7.8255875,0.3707250262069619,0.32495481294718986,0.1227961969380142,0.0023388839996130047,0.002050122216931538,0.828949678673861,0.01963030552028688,0.01720672144448073
86400,0.0,PUSH,5,0.03749579036964894,0.004408559893652156,0.003864273125193502,39615.141757487974,318.543786257972,279.2159394741315,95.14928436279297,9.314827310780835,8.164806129706381,194.865734375,19.076766332479153,16.721522953638672,0.006201557710238356,0.0010332689634816594,0.0009057001794232092,0.931186585840762,0.011607539284572133,0.010174456781586605
86400,0.0,GOSSIP,5,0.15297147636172895,0.0022039621760263106,0.0019318580242098096,46669.706490230674,1515.489047142069,1328.3847191978914,12.035193634033202,1.755391995323542,1.5386689248513536,18.96005889423077,2.7654175434020103,2.4239953523812092,0.03666668463392192,0.005762460464613307,0.005051019300079907,0.8560270963305137,0.02032315454946317,0.01781403039521483
86400,0.0,MIXED,5,0.0020616052234163607,0.0005928821030883934,0.0005196840765782847,1541.2639255212712,24.665954853718095,21.620662698878977,503.5022117614746,43.023097042012736,37.71140727869616,793.2096382211538,67.77792518618621,59.409970851361315,0.0009905811322427679,0.0010982189167841603,0.0009626313236253822,0.9966770522096313,0.0024673959597146505,0.002162767916585474
86400,0.1,PULL,5,0.24521755857156985,0.0037442198409942725,0.0032819533941693254,96919.1222685219,646.0968308001119,566.3288420167622,3.444060516357422,0.16408587119251813,0.14382760755642804,7.053435937500001,0.336047864202277,0.2945589402755645,0.21035523357378239,0.0015360897528757839,0.0013464420339326733,0.8334070553714608,0.0226902728891574,0.019888901102405186
86400,0.1,PUSH,5,0.1339371140140717,0.006301323239249193,0.005523353347574863,39002.47036587801,383.5164876687754,336.1670232723819,86.15833206176758,8.35540409081978,7.323834598408719,176.4522640625,17.111867577998908,14.999213257541053,0.1063878378993139,0.0011620689975037786,0.0010185983870016852,0.9340679994777252,0.009569473548866751,0.008388013398747667
86400,0.1,GOSSIP,5,0.15310479679634653,0.00679344125405193,0.005954713806522921,47253.965664908246,1238.4093898100023,1085.5136911989666,11.543297576904298,2.655190887598682,2.327377428620193,18.185133413461536,4.1829468752323855,3.666514595241658,0.04716730038905535,0.020720847836562875,0.018162623931081742,0.8667310689220791,0.017625629830196905,0.015449545727054793
86400,0.1,MIXED,5,0.0022254498530286113,0.0006389089192266663,0.0005600283597301253,1157.9279707581532,7.452172602015607,6.532117291122006,503.18511962890625,42.50213991450607,37.25476822291272,792.710096153846,66.95721734223726,58.69058870809636,0.0011193160087014115,0.001116270129801086,0.0009784539094631949,0.9976526619657289,0.002655971678837492,0.0023280618223163892
86400,0.2,PULL,5,0.32983784822366174,0.004230163447181484,0.0037079017453423946,97487.3630308107,1096.2039899149215,960.8651623532533,3.0622932434082033,0.15956518177809445,0.13986504857278853,6.2715765625,0.3267894922815373,0.2864436194770708,0.29961752842555994,0.002196723351167128,0.0019255129144605694,0.8344109133950625,0.014116273291998887,0.012373459094590705
86400,0.2,PUSH,5,0.23171704671280047,0.003571126670767224,0.0031302305409024248,39259.18678946327,597.6211802004958,523.8380608190083,76.4502067565918,7.560509465897866,6.627078739229075,156.57002343749997,15.483923386158827,13.572257257941144,0.2063542380945526,0.001958710524194359,0.0017168854730943907,0.9354027481218884,0.010513075964588831,0.009215117383700401
86400,0.2,GOSSIP,5,0.1490662686200651,0.006697905395957048,0.00587097293471126,47506.10400241394,1833.3698778247642,1607.0195524889293,11.078208923339844,1.5246305518214156,1.3363976013427148,17.452439903846155,2.4018795154848154,2.1053402211922156,0.05833809016650725,0.015106148128055486,0.013241122644265198,0.8679885052989823,0.019030514914675736,0.016680981798447115
86400,0.2,MIXED,5,0.002121003278913094,0.00019918081926370654,0.00017458968586159699,995.1220387545794,14.086361853634886,12.347240562871917,502.4985748291016,41.86612359762841,36.69727534093243,791.6285240384616,65.9552470214946,57.81232299863816,0.001227303996126645,0.0012260412886335986,0.0010746725725256172,0.9979538667850061,0.0028533010367127326,0.0025010286307172347
86400,0.3,PULL,5,0.4135076931593189,0.005426066422025604,0.004756156921070698,97023.63868597646,1243.5795275355497,1090.0455167266516,2.677899169921875,0.1281261781096902,0.11230754682860102,5.4843375000000005,0.2624024127686455,0.23000585590497485,0.387244552273256,0.002036220470613969,0.0017848259366720232,0.8314421623632355,0.02314610252605052,0.020288453395671993
86400,0.3,PUSH,5,0.3250837441941911,0.008720047738864353,0.007643458848368459,38876.344555892465,230.84847181030483,202.34760718415592,66.70080490112305,6.432109394967306,5.63799246757788,136.60324843749999,13.17296004089304,11.546608573599496,0.3051638632951354,0.0008432411298320541,0.0007391334391894539,0.9337427962256928,0.00913494106452325,0.008007128882765486
86400,0.3,GOSSIP,5,0.15565961421718552,0.008172243189125591,0.007163286989421441,48406.43960238242,2367.1623091125775,2074.9092480848285,11.542185974121093,1.8220237226554241,1.5970742089861025,18.18338221153846,2.870388141537161,2.5160061384642605,0.07487775052160553,0.016575356926523423,0.014528940936899116,0.8835672229141887,0.027209061573944933,0.02384979402306077
86400,0.3,MIXED,5,0.0025318923654434897,0.0003964939642191963,0.0003475422830116969,878.1476742049388,10.911459529402158,9.564315974660586,502.1934700012207,41.07981539989713,36.00804581702657,791.1478665865385,64.71650918383794,56.726521410208015,0.0015011455376038633,0.0015712098669046887,0.001377226171172374,0.9982790700370385,0.0030019445500594276,0.0026313204148182166
86400,0.5,PULL,5,0.5783635903101397,0.009775273349763617,0.0085684048778157,97146.00289812202,1431.0346151521494,1254.357145633099,1.910076904296875,0.0888529284583292,0.07788302570883787,3.9118375,0.1819707974826584,0.15950443665170014,0.5631418479977748,0.002705643721302609,0.0023716012872214264,0.8354205754036016,0.019783706012904058,0.017341182904756124
86400,0.5,PUSH,5,0.5173970264339325,0.010107903661462657,0.008859968201243412,38616.36349936812,1003.5978448952601,879.692297277172,47.501136779785156,4.347387722804431,3.810653353313578,97.28232812500002,8.903450056303472,7.804218067586206,0.5050950964358603,0.0013797338931817165,0.0012093900801977825,0.9366832989900153,0.009563911010317913,0.008383137618733182
86400,0.5,GOSSIP,5,0.1638542812862087,0.007224904858376595,0.0063329083305650345,50997.790735212024,2363.8659262628835,2072.0198411211704,11.279196166992188,0.6787908134363794,0.5949863813276798,17.769072115384613,1.0693566045520815,0.9373323915069914,0.13261590853719685,0.04431865583515395,0.0388470146305782,0.9165758861935636,0.046836975519500876,0.04105441915986221
86400,0.5,MIXED,5,0.003139873388073213,0.0005010316469400398,0.00043917360200314856,738.9909509983643,2.831298430538453,2.4817424960667993,498.21580963134767,39.444688071783474,34.57479352087491,784.8815216346154,62.14055474693272,54.46859779288601,0.0016322186298863839,0.0009999141773551893,0.0008764634203149378,0.9986256904876452,0.002257517823772252,0.0019788016192338813
86400,0.7,PULL,5,0.7443474016494824,0.003948467163935913,0.003460984066310711,96583.7636287843,1226.4862518044254,1075.0625999414185,1.1530632019042968,0.057174771736163116,0.050115897070436996,2.3614734375,0.11709393251566204,0.10263735720025496,0.7380895604352957,0.0016296356893819193,0.0014284386625669397,0.8443639647997532,0.01821225956938016,0.015963749365033992
86400,0.7,PUSH,5,0.7055207967287431,0.0069508612090005565,0.006092698480872714,37891.92247353081,882.9222065972807,773.915436535888,28.799520874023436,2.836027004371923,2.485887273777879,58.98141875,5.808183304953697,5.091097136697096,0.7041115676924442,0.0006887256345329103,0.0006036946359716075,0.9383684043775375,0.021237599415050146,0.018615576660617063
86400,0.7,GOSSIP,5,0.35918099383115976,0.3585868550799399,0.3143152368482717,56966.32772758613,5146.223539287064,4510.863819212131,7.303720855712891,4.260119267936234,3.7341591799419263,11.506169471153846,6.711326354410312,5.882736923477743,0.3928562326107574,0.3436143837183556,0.30119128705604853,0.7011329108045403,0.39245177942910664,0.34399915182414054
86400,0.7,MIXED,5,0.003404851052353564,0.0006404242592330294,0.0005613566138093204,651.0934267908881,11.460627450513494,10.045682881306124,491.34755630493163,38.399795948566215,33.65890519274111,774.0613810096154,60.49444777127971,53.02572141133369,0.002304086991427923,0.0005875051689876998,0.0005149709860356872,0.9982790700370385,0.0030019445500594276,0.0026313204148182166
