mean_online_duration,mean_offline_duration,strategy,n_runs,far_mean,far_std,far_ci95,delay_mean_mean,delay_mean_std,delay_mean_ci95,bandwidth_mb_mean,bandwidth_mb_std,bandwidth_mb_ci95,bandwidth_per_node_kb_mean,bandwidth_per_node_kb_std,bandwidth_per_node_kb_ci95,expired_ttl_rate_mean,expired_ttl_rate_std,expired_ttl_rate_ci95,coverage_rate_mean,coverage_rate_std,coverage_rate_ci95
300,600,PULL,5,0.14004384580581447,0.0018950647480595706,0.0016610974905824872,24488.499212311435,1066.4452207180755,934.7804510597105,11.703788757324219,0.4883008915929282,0.4280146029336128,23.969359375,1.0000402259823178,0.8765739068080398,0.12994091332661334,0.0019238859900439183,0.0016863604230414923,0.9563614110091354,0.006158761433689671,0.005398392415390195
300,600,PUSH,5,0.09823146372801202,0.0034161208854151487,0.0029943619795048566,1527.2018906326946,6.810553696706703,5.96971352385748,254.7283966064453,23.400979265057167,20.51186270767851,521.6837562500001,47.925205534837055,42.008294825325564,0.10030231294495584,0.0016429398722837673,0.0014401002930495598,0.9973274587136963,0.0026450956254348537,0.0023185285411801843
300,600,GOSSIP,5,0.05244840166585461,0.002986881934602208,0.002618117450242354,16960.02375059314,508.8305573859625,446.00964841489497,45.30415267944336,6.833211455302898,5.9895739249255175,71.37146514423077,10.764936200354105,9.435882614036508,0.09616366156229127,0.011538719389368192,0.010114133483745479,0.961848879249886,0.010007000429995902,0.00877152261923746
300,600,MIXED,5,0.001103307566288667,0.0007280293993772702,0.0006381459048373603,803.6720001923015,7.564553364096866,6.63062337228576,498.7016487121582,43.55898081237644,38.18113011381643,785.646905048077,68.62214823365152,60.14996497930467,0.0014216909937916147,0.0010905038585655395,0.0009558687769315182,0.9986256904876452,0.002257517823772252,0.0019788016192338813
300,3600,PULL,5,0.15113038058840517,0.0030772273029390823,0.0026973086571833293,34571.07037898004,133.68121539087625,117.17675169208583,10.006719207763672,0.45136318752733967,0.39563727778202973,20.4937609375,0.9243918080559915,0.8102651448975968,0.2516887006321181,0.001696835802953761,0.0014873421592075386,0.9408851705106848,0.008616131468365687,0.0075523722212055755
300,3600,PUSH,5,0.10939118297065427,0.003422940933033516,0.0030003400148179626,10368.201029853099,61.276518361082076,53.711236508118255,93.5883415222168,6.086283206647775,5.334862448308892,191.6689234375,12.464708007214647,10.925798294136612,0.10159365104837961,0.00045409600861855663,0.0003980327010843098,0.9796518494952169,0.004953014666921549,0.004341508775605704
300,3600,GOSSIP,5,0.05714115914300483,0.0049198224838436265,0.004312414544353634,17765.49889747166,407.6356465676334,357.30839818470434,42.91867370605469,6.421271370956697,5.628492520673518,67.61341826923078,10.115972129014857,8.867040524876433,0.1321321231941104,0.013091729769052164,0.011475407101010037,0.9665492221366471,0.017029735263948582,0.014927221110093628
300,3600,MIXED,5,0.002557558392034165,0.0007009170770853151,0.0006143809065336641,1540.0767485204776,9.91998004569165,8.695245889302337,493.4071952819824,37.58446927944239,32.9442398571776,777.3061045673076,59.20999468022923,51.89984863653824,0.0017204027087038792,0.001165506149509522,0.001021611183570951,0.9970022554616639,0.002313551133996063,0.002027916981174473
300,14400,PULL,5,0.1873878137976813,0.006694760224819365,0.005868216070657087,77556.52849883989,1154.7949331606749,1012.2223884828811,6.627497863769531,0.3312079792705899,0.29031659408503707,13.573115625,0.6783139415461676,0.5945683846861555,0.5055839513534155,0.003959306790932815,0.0034704854182945103,0.8701387842312996,0.022231565819192146,0.01948682662784598
300,14400,PUSH,5,0.14072203299731428,0.00689080796956815,0.006040059495621861,42353.29415338612,370.93257638660157,325.13673870087314,28.305783081054688,1.977743942338922,1.7335689996860355,57.970243749999995,4.050419593910108,3.5503493113569973,0.22842744124987222,0.0028829311928727495,0.0025270006077134657,0.9328177645692873,0.013269846464753448,0.011631533268500197
300,14400,GOSSIP,5,0.06607519131821397,0.004941754420435108,0.004331638734383567,20070.300180937862,879.1421230836379,770.6020472466125,32.115647888183595,4.959891940728955,4.347536971885134,50.59449759615385,7.813737457394539,6.8490428603236575,0.23828121062739666,0.02938686907295021,0.025758726462057135,0.9646099129896246,0.013190871147037427,0.011562308350348794
300,14400,MIXED,5,0.004417308797835744,0.0008064997132341291,0.0007069281675892349,2162.485401718186,11.541561682755828,10.116624863746367,480.8302703857422,33.22934396508141,29.126804205828616,757.4926105769231,52.34899726191287,45.885919241182314,0.002597007657677745,0.0015951413455494179,0.00139820303708864,0.9960052285069922,0.003365686330167648,0.0029501541426770915
300,28800,PULL,5,0.24313623231618203,0.007821908871676211,0.006856205420743661,141858.81279827698,2886.6696206398597,2530.277484131028,4.579718780517578,0.19234297313477494,0.16859604946611884,9.3792640625,0.3939184089800185,0.3452847093066109,0.657254693363873,0.002446918752926003,0.0021448188534489297,0.765176661294136,0.027046004408196947,0.02370686811558304
300,28800,PUSH,5,0.18501321876401172,0.007088982939881803,0.00621376751600551,83797.89248437379,2457.0359753428093,2153.686989899375,14.663772583007812,0.7972897448990958,0.6988552744042749,30.031406250000003,1.632849397553348,1.431255601979955,0.428418620990898,0.0030293120878152604,0.00265530911933936,0.8502214346594391,0.021624169789283776,0.018954420533487643
300,28800,GOSSIP,5,0.07679716461163413,0.008705970366941252,0.007631119487827136,25153.568825928884,2008.4644892615397,1760.496746326214,25.838996124267577,3.6800158886544487,3.225676148641772,40.706356971153845,5.797440415357163,5.081680578783346,0.37536946979474783,0.04647153290233034,0.04073409458258566,0.955814083088149,0.014260946688319634,0.012500270917684617
300,28800,MIXED,5,0.0061267155280860484,0.000850032033270088,0.0007450859285021576,2496.2444513925025,30.796492765429175,26.994316106495408,466.3197387695312,33.39722498134232,29.27395840470914,734.6329423076924,52.61347443214547,46.117743702187965,0.00278856380835217,0.0017414135985477615,0.0015264163198517669,0.9960052285069922,0.003365686330167648,0.0029501541426770915
300,86400,PULL,5,0.425979276377479,0.008229029106549388,0.007213062040658965,410605.7735657208,28256.463326068348,24767.882137920904,2.0257591247558593,0.11966729611295226,0.10489300984652578,4.1487546875,0.2450786224393262,0.21482088416568476,0.8424613697920531,0.0035244410698873135,0.003089308807464367,0.31759527955310474,0.03180278181610838,0.027876367349649718
300,86400,PUSH,5,0.319512457103064,0.0034585844026942592,0.003031582893495189,248641.22673491755,6694.635757432635,5868.1069701823035,5.033541870117188,0.3263295619648801,0.28604047277951106,10.30869375,0.6683229429040749,0.5858108882524391,0.7268001058340195,0.002951900942477187,0.002587455258728077,0.5866815065226607,0.025916691536725878,0.02271698173898092
300,86400,GOSSIP,5,0.14530777573972514,0.035176455004819494,0.03083352228250972,43479.00095470586,10478.709018653786,9184.993427402791,15.588520050048828,4.24211020922048,3.7183735439782364,24.55791466346154,6.682955160371956,5.857868475436483,0.5991186692282348,0.08652436511887686,0.07584194994940156,0.9186725932358065,0.09446951840034798,0.08280618385837935
300,86400,MIXED,5,0.009497156190338581,0.0018241606744320974,0.0015989473298055165,3264.6438546459153,67.4650342478959,59.13570985159747,388.83669052124026,32.77668778737029,28.73003357218008,612.5673401442308,51.63588968348795,45.260852889095986,0.00287968259288597,0.0017326708347394858,0.0015187529494906473,0.9947044154988621,0.003837847927170869,0.0033640220301646043
1200,600,PULL,5,0.14033160518530433,0.006675656056436937,0.005851470528747656,21086.87115228935,1910.9978227473403,1675.0634463147214,11.906997680664062,0.6667378611087359,0.5844215027998831,24.38553125,1.3654791395506904,1.19689523773416,0.11321245440948816,0.000917446760696504,0.0008041775424805111,0.9696110108258449,0.012149618790046491,0.010649610417979058
1200,600,PUSH,5,0.0982965270753884,0.00242423363263641,0.002124934468799176,1112.912802998975,3.4799271743770492,3.0502906577130915,298.1708503723145,29.58076567998681,25.928684331681772,610.6539015625001,60.58140811261298,53.10194551128426,0.09969407186057967,0.0004903835740621828,0.0004298401546077186,0.9979538667850061,0.0028533010367127326,0.0025010286307172347
1200,600,GOSSIP,5,0.05190352897140131,0.0039223851972224,0.0034381222144918566,16670.07305513508,236.9334358429141,207.68131332543769,43.011163330078126,3.6347351653241016,3.1859858446704616,67.75912500000001,5.726105860449045,5.019153084527003,0.08838331825100987,0.010051187386267741,0.008810254194110977,0.977622116318925,0.015265409431885858,0.013380721332072782
1200,600,MIXED,5,0.00045252449627278116,0.00045270173535054295,0.00039681056668016594,408.3249120327276,3.6838717955195044,3.2290560000289203,471.79974670410155,43.92145301351581,38.49885100664346,743.2660625000001,69.19318136283108,60.650497585850644,0.0013298565679599576,0.0013015237966112654,0.0011408359079541088,0.9986256904876452,0.002257517823772252,0.0019788016192338813
1200,3600,PULL,5,0.14796605436505428,0.007730421714734235,0.0067760133919634044,30535.827178624906,156.25817780696772,136.9663317857185,10.769548797607422,0.49252758444009226,0.4317194625639111,22.056035937500003,1.0086964929333093,0.8841614593308902,0.196169828675931,0.0014004162267022796,0.0012275189448424208,0.9510476828383798,0.00875105356810285,0.007670636655983861
1200,3600,PUSH,5,0.11035953672742818,0.006995463546198821,0.006131794153181542,9644.030924638835,83.20988497254706,72.93668000583295,139.81664428710937,11.742943323117274,10.29314365435566,286.3444875,24.049547925744182,21.080358204120397,0.10168738170494793,0.0006675141613097764,0.0005851019599279087,0.9806367041598172,0.004368052339821128,0.0038287666887578844
1200,3600,GOSSIP,5,0.055622130527779465,0.004767478084867338,0.00417887879096952,17370.745521461748,292.14173457370214,256.0735208080274,45.42801742553711,4.488498757697261,3.9343426289406973,71.5665997596154,7.071111889049226,6.19810284928504,0.11079900417457585,0.013389058916107359,0.011736027589336957,0.9745342662569929,0.014283690122846119,0.012520206417016688
1200,3600,MIXED,5,0.002076500362527936,0.00018347628265803512,0.00016082405259067425,1013.7682241068678,10.02534921239516,8.787606036139104,502.04773712158203,42.47510307022776,37.231069384005,790.91828125,66.91462391371265,58.65325392187864,0.0014075567187029198,0.0013554964693262292,0.0011881450414803676,0.9976526619657289,0.002655971678837492,0.0023280618223163892
1200,14400,PULL,5,0.17250777679719725,0.00709313868379986,0.00621741018615747,59348.66634181469,713.9053807542618,625.7656566608047,7.790493774414062,0.36062672571960547,0.3161032622991861,15.954931249999998,0.7385635342737522,0.6473794811887335,0.4153919502621711,0.0050642853848077195,0.004439041860132386,0.9006043775798357,0.01767148291836548,0.015489737730927097
1200,14400,PUSH,5,0.14018021496109737,0.008010085804760717,0.007021149775100019,41216.35158587507,613.7216903520816,537.9507802061859,46.578329467773436,3.455573473184901,3.028943697416302,95.39241874999999,7.0770144730826745,6.2032766923085845,0.21865833645589877,0.0030180047949342863,0.0026453978401342034,0.9343614605944583,0.010620923439776515,0.009309649863703182
1200,14400,GOSSIP,5,0.060687890719292904,0.0020812029533537686,0.0018242548212395611,18906.861296918534,770.208996457474,675.1179518006361,35.9775634765625,3.1041677373628604,2.7209229891275872,56.6785,4.890258097014722,4.286500216717922,0.1814130663852388,0.030604526911091365,0.026826050616229405,0.9564102038918515,0.010674717359857455,0.009356802313637435
1200,14400,MIXED,5,0.0033936860729741032,0.0007647318772068297,0.0006703170451022333,1590.3907741760972,18.65849455219084,16.35489157319122,492.30605392456056,38.98436588534566,34.17130333430781,775.5713834134615,61.4153702562984,53.83294556050954,0.001984969848222376,0.0014943605478073038,0.0013098647729740545,0.9970022554616639,0.002313551133996063,0.002027916981174473
1200,28800,PULL,5,0.21085784365083318,0.007524311851479455,0.006595350131255622,102714.64973724648,1932.183286269454,1693.6333238502743,5.6746055603027346,0.2701453603108307,0.23679284866878691,11.621592187500001,0.5532576979165814,0.48495175407367574,0.5694821150097897,0.003372728417727321,0.0029563268045799695,0.8228908840793684,0.030446355032060557,0.026687406851361832
1200,28800,PUSH,5,0.17949840313578125,0.00701207683988683,0.0061463563471560335,83269.27280148017,1759.632728735214,1542.386091579071,24.715476989746094,1.8138332355360527,1.5898949304867442,50.617296875,3.7147304663778344,3.256104817636851,0.41788458664608896,0.0051625689363434925,0.004525191191435591,0.85726379490964,0.025169562340594632,0.022062094124135418
1200,28800,GOSSIP,5,0.06915737366918355,0.006390983557545503,0.005601944081680032,21355.42637619651,1034.3772531563793,906.6716381553719,30.447014617919923,3.1647443529894517,2.774020733839657,47.965758413461536,4.985689565324919,4.370149586848936,0.2774001456185524,0.03303438420595196,0.028955914442306763,0.9645224876704344,0.018362676385312953,0.016095595517384834
1200,28800,MIXED,5,0.004202112593641387,0.000719488657496373,0.0006306596145031658,1901.8428566552661,20.785048239791234,18.218898065675933,482.20261306762694,37.49922966911708,32.86952404445691,759.6545781250001,59.075709509501365,51.78214249465211,0.002280300605374075,0.0016569784229860647,0.0014524056252905183,0.9963518489575988,0.0028073365216416636,0.002460738956858559
1200,86400,PULL,5,0.351679489979528,0.007398107060964648,0.006484726754910149,287135.1389198499,9659.207637608282,8466.66879549909,2.714708709716797,0.11828044435657699,0.1036773806841535,5.5597234375,0.24223835004226985,0.2123312756411465,0.7808283435071853,0.0033014527319217726,0.002893850911367153,0.5091440466135148,0.023313219511483727,0.0204349378920044
1200,86400,PUSH,5,0.31860456011183647,0.010745562557581417,0.00941890086740959,249918.62765047373,9321.34859628171,8170.522288477194,8.529630279541015,0.6651699694382811,0.583047185156138,17.4686828125,1.3622680974096,1.1940806351997708,0.7196258437525854,0.003753245105880795,0.0032898643876433983,0.5735426344612838,0.011723521451921149,0.010276119633651706
1200,86400,GOSSIP,5,0.11705056819122173,0.044226959460270124,0.03876663921418623,36337.103290818675,12323.82508316858,10802.308966482522,20.094847869873046,4.273962458502652,3.746293271473669,31.657114182692304,6.733134703856486,5.9018527845985185,0.49659208163159435,0.08532183885684975,0.074787889206486,0.9543693324277163,0.03358644605094297,0.029439817985074834
1200,86400,MIXED,5,0.005619071593036399,0.0017326124596885812,0.0015187017815024985,2409.3567490486116,33.88205522351582,29.698930849295813,466.92538528442384,35.19402586184553,30.848923817757115,735.5870685096154,55.44412689619974,48.5989199836666,0.002584311052281283,0.0017799451547161082,0.0015601907179693065,0.9956800252549597,0.003727828631218735,0.0032675858653270335
3600,600,PULL,5,0.14492000538490357,0.005173316470532519,0.004534611820514159,18289.18487736447,2283.277497582214,2001.3809688670613,11.837831115722656,0.6797870540661762,0.5958596247415875,24.243878125000002,1.3922038867275288,1.2203205114707714,0.10855827516479363,0.0005004157673112086,0.0004386337597064672,0.9692858075738122,0.01229621000462585,0.01077810328289491
3600,600,PUSH,5,0.10316388634651785,0.00405122049795341,0.0035510513347036337,602.4884032016778,2.9821749147777172,2.613991565453146,322.8713264465332,32.79875072411346,28.74937258890575,661.2404765625,67.17184148298435,58.87871506207896,0.10054836997946641,0.0002975162565110817,0.0002607844969962569,0.9982790700370385,0.0030019445500594276,0.0026313204148182166
3600,600,GOSSIP,5,0.05328165470670186,0.0027304110185051096,0.0023933107804056095,16848.95835251797,225.08671826570526,197.2972075267885,37.40230255126953,3.247597009022619,2.846644288874233,58.92301201923076,5.1162143649833265,4.484559618164945,0.08602383737950228,0.005823796822386063,0.005104782988144982,0.9812346436247837,0.01046831850910261,0.009175885744217292
3600,600,MIXED,5,0.0004356667787918319,0.0003398509257954479,0.0002978924707395844,164.84553674962345,4.442105421347268,3.893677076658312,447.27576065063477,42.64772276911369,37.38237722134308,704.6313521634615,67.1865663316499,58.89162196100819,0.0011650352374168184,0.0010907561334665425,0.0009560899056319606,1.0,0.0,0.0
3600,3600,PULL,5,0.14630123354938723,0.0040650959600963404,0.003563213713519394,28503.4287855208,216.66353387340163,189.9139608746117,11.208177185058593,0.5130882628946748,0.44974169184159213,22.954346875000002,1.0508047624082937,0.9210709848915803,0.1642275098737212,0.002003689617919834,0.0017563113870598974,0.9536142931903842,0.009326856680038584,0.008175350336761998
3600,3600,PUSH,5,0.1074920116407126,0.003750563829459835,0.003287514145236655,8194.868431824993,72.08581742798486,63.186004889184375,207.03292236328124,18.95178974008647,16.61197614041363,424.003425,38.81326538769708,34.02132713556711,0.10160853665348239,0.0012817429190297722,0.001123497204278795,0.9829836960467008,0.004249438099730465,0.003724796723212541
3600,3600,GOSSIP,5,0.05292050236786459,0.0023457628226068324,0.0020561517711327375,16869.264997433515,152.80381065210454,133.938445472932,45.404988861083986,7.009545560717912,6.144137583137675,71.53032091346155,11.042730237192526,9.679379823281506,0.09430238105252574,0.006514225298883194,0.005709970230908268,0.968892407452636,0.019091790034236524,0.016734691808852713
3600,3600,MIXED,5,0.0011974368901068607,0.00036494741219866096,0.00031989051098042597,638.9284431031788,6.673966282142987,5.849989376273998,490.5001022338867,44.86394739193724,39.32498375407966,772.7263149038462,70.67797250668268,61.951974406427034,0.0013146339221220078,0.0011599674013578842,0.0010167562567590443,0.9986256904876452,0.002257517823772252,0.0019788016192338813
3600,14400,PULL,5,0.1661588408638727,0.0074011777539486606,0.0064874183359842595,54446.6721117103,605.2684824656219,530.5412168010578,8.356782531738281,0.38603315137441274,0.33837297627232804,17.114690625,0.7905958940147967,0.6929878554057274,0.3699428202169134,0.001712235958324003,0.001500840990562131,0.9061339879229596,0.0157975114819503,0.01384712934319793
3600,14400,PUSH,5,0.1339371140140717,0.006301323239249193,0.005523353347574863,39002.47036587801,383.5164876687754,336.1670232723819,86.15833206176758,8.35540409081978,7.323834598408719,176.4522640625,17.111867577998908,14.999213257541053,0.20270834389702266,0.000977020199318115,0.0008563959637777539,0.9340679994777252,0.009569473548866751,0.008388013398747667
3600,14400,GOSSIP,5,0.060638805089084466,0.005798272098611398,0.005082409581297896,18237.544176551524,685.9664131511662,601.2760717943836,36.30958786010742,3.401077028245527,2.9811754572930287,57.20156610576923,5.358004426036027,4.696497951181629,0.14447670543706076,0.030554101875054838,0.026781851123357948,0.9713869474760258,0.015672865132116062,0.013737872000338311
3600,14400,MIXED,5,0.0022254498530286113,0.0006389089192266663,0.0005600283597301253,1157.9279707581532,7.452172602015607,6.532117291122006,503.18511962890625,42.50213991450607,37.25476822291272,792.710096153846,66.95721734223726,58.69058870809636,0.0013886546660220483,0.0011098748403974498,0.0009728481911410075,0.9976526619657289,0.002655971678837492,0.0023280618223163892
3600,28800,PULL,5,0.201993459354563,0.007346280489275788,0.006439298761874022,94519.38643848225,638.4004482279383,559.58266524877,6.1232444763183596,0.3101464087749847,0.27185531357533477,12.5404046875,0.6351798451711689,0.5567596822022859,0.5315432554311098,0.002442912014824978,0.002141306792654253,0.8407279860474233,0.01807600306970653,0.015844315277140596
3600,28800,PUSH,5,0.1735982031062409,0.007445285821665626,0.006526080761990608,81282.5471831057,1277.5232491007837,1119.7985005076937,48.0128677368164,4.6077379231555655,4.038860365722382,98.330353125,9.436647266622598,8.271586028999439,0.3931285466388065,0.003355613677305295,0.0029413250731636113,0.8677460305656991,0.019644343128873015,0.017219025950920463
3600,28800,GOSSIP,5,0.06336186657342083,0.00947510680417767,0.008305297300019126,20907.631564299023,1205.1781075180363,1056.3851879747126,30.20121078491211,3.365840806460893,2.9502895471181936,47.578522836538454,5.302493824332239,4.6478407634600485,0.24493977036635667,0.04280884944153867,0.03752361097681507,0.9693672265333596,0.012497391217026612,0.01095444639065069
3600,28800,MIXED,5,0.0024188617127405996,0.0005950675980781481,0.0005215997474000228,1444.252275775582,18.80940437748893,16.487169867304168,498.8527885437012,40.242854576562166,35.27441730919795,785.8850084134615,63.39797397907643,55.57077434556727,0.0018706170668422264,0.0014155691990141073,0.0012408011106933852,0.9973274587136963,0.0026450956254348537,0.0023185285411801843
3600,86400,PULL,5,0.33591211310545815,0.012383893735689322,0.010854961461900972,272105.49444819806,8306.46421475608,7280.936905650691,2.9180328369140627,0.11603019842752732,0.10170495316168218,5.97613125,0.237629846379576,0.20829174407512516,0.7627780390373962,0.006430010055235737,0.0056361523151696,0.5533470477170706,0.02669034200833805,0.023395116276757957
3600,86400,PUSH,5,0.31135551443092624,0.010403820780909201,0.009119350992800465,253330.21440684795,6959.18065254955,6099.990794666439,17.258851623535158,1.3874776634025539,1.2161777940712275,35.346128125,2.8415542546484294,2.490732122257873,0.7037556326709422,0.008249121370404804,0.007230673686437574,0.5805602116196935,0.030707264786719566,0.026916104334746685
3600,86400,GOSSIP,5,0.10189841212792591,0.02801230256267529,0.02455386579268194,31712.897454185248,8761.096472554475,7679.439649865645,23.78144226074219,5.388823703223313,4.723512238714436,37.46491826923077,8.489469957077958,7.441348511451666,0.40619281652384026,0.06925352433468138,0.06070339053276311,0.9663755662891405,0.009329107045452704,0.00817732286901775
3600,86400,MIXED,5,0.004512851978804058,0.0012281140025778453,0.001076489386402298,1914.9446443464803,24.737590665661056,21.683454256569096,484.55292892456055,38.86156022251003,34.06365942473983,763.3572295673077,61.221904104385004,53.66336500143627,0.002152751704283057,0.001509427528438571,0.0013230715637936716,0.9963518489575988,0.0028073365216416636,0.002460738956858559
7200,600,PULL,5,0.1418803997400123,0.008457030931280614,0.007412914451663428,17085.54715793974,1664.7013157718989,1459.175039285329,11.817816925048827,0.6842707489767901,0.5997897566129045,24.2028890625,1.4013864939044658,1.2283694215432281,0.10669823318283884,0.0006915498590752904,0.0006061701779313176,0.9692858075738122,0.01229621000462585,0.01077810328289491
7200,600,PUSH,5,0.1012433919614995,0.005955912761378739,0.005220587714580527,234.52666502252765,5.142218674975077,4.507353400865962,331.51804809570314,33.85974477493374,29.679374878877702,678.9489624999999,69.3447572990643,60.78335975194153,0.10016369414937373,0.0007374667581702364,0.0006464181145466985,1.0,0.0,0.0
7200,600,GOSSIP,5,0.05558928590795579,0.004209101445709917,0.003689440087065605,16971.30268837837,88.86498197650906,77.893591083357,36.01186599731445,3.137006758699677,2.7497076604648725,56.73253966346154,4.94199218601303,4.331847145101585,0.08482105123946013,0.007415846398902827,0.006500275970188347,0.9722126368421049,0.012530660904991376,0.01098360855793142
7200,600,MIXED,5,0.0001946208947155021,0.0002787282533994799,0.00024431608616560136,51.10311054132205,2.162752581975717,1.8957362223898688,437.4214515686035,42.42340439867527,37.18575350038138,689.1070252403846,66.83317862191305,58.58186397598544,0.0011228737151291683,0.001031861653759495,0.00090446661806318,1.0,0.0,0.0
7200,3600,PULL,5,0.14648128488794138,0.003463961949498391,0.0030362965210960296,27134.705882799153,154.76304119860959,135.6557867656791,11.434969329833985,0.49700797348842235,0.43564669671917405,23.4188171875,1.0178723297042884,0.892204434880868,0.14578998509373203,0.0009621314085297932,0.0008433453632420134,0.9562679985122949,0.006915013296379235,0.0060612764000393966
7200,3600,PUSH,5,0.10514039937161712,0.003799995762774871,0.0033308431451921044,6657.096790921508,42.54306974423761,37.29064480049492,251.84653549194337,24.967818993389677,21.885258283498835,515.7817046875,51.134093298462076,44.82100896460564,0.10217650171324673,0.0005785707147489264,0.0005071395916039419,0.9877783861500342,0.008894813410029654,0.007796647713345181
7200,3600,GOSSIP,5,0.0534616839409426,0.0020260864458957455,0.0017759430723550238,16774.240250903873,362.2861537635832,317.5578151119468,41.833612060546876,2.6818152258965013,2.3507146900938243,65.90402884615385,4.224890448181563,3.7032797579324233,0.09287721527980952,0.0037959960784396092,0.003327337267295727,0.9773334920734769,0.012996355250835256,0.011391807649836752
7200,3600,MIXED,5,0.0005872346100642759,0.0003172497135442083,0.00027808163472825667,431.83746864606667,6.9116037429995085,6.058287794732443,473.34663009643555,44.19189431185273,38.73590325642928,745.7029987980769,69.61923042359567,61.0239460532055,0.0012420777298702747,0.0011062015315393605,0.0009696283939638639,0.9989601386481801,0.002325200669843783,0.0020381282495667073
7200,14400,PULL,5,0.16842147726715564,0.00543552057293074,0.004764443849715321,52003.66345004505,450.7901561601341,395.13499364262765,8.8162841796875,0.4244231295289821,0.37202327578920086,18.055749999999996,0.8692185692753545,0.7619036688162826,0.3362314624257551,0.003915567490584526,0.003432146231138625,0.9110907707063831,0.018030840820200414,0.015804728820054906
7200,14400,PUSH,5,0.13132990012594656,0.0030966787324904813,0.0027143585869280284,36897.73739126677,540.5155737201296,473.7827897683194,127.41287078857422,12.541599628061041,10.993196771452782,260.94155937499994,25.68519603826901,22.514066987935294,0.18796323167529588,0.0029523397715299706,0.002587839909352347,0.936014865432741,0.007886493947925479,0.006912816736107206
7200,14400,GOSSIP,5,0.056052825206043135,0.0059208664758214884,0.005189868290849493,17738.696070711194,729.4299547646816,639.3735457619425,37.86756210327148,6.828275732365061,5.9852475730187304,59.655974759615376,10.757160538372034,9.429066945801816,0.1268913220868388,0.030273751069800327,0.026536112807784357,0.9685292898468608,0.014376051070784759,0.012601164357375077
7200,14400,MIXED,5,0.0015507879896566243,0.0005000340663647376,0.0004382991840752202,896.3707438212998,10.033271852115007,8.794550536041234,502.3477157592773,43.514189830719026,38.14186908734858,791.3908629807693,68.55158521024042,60.088113762222974,0.001485538703034478,0.001159828823251125,0.0010166347876928168,0.9982790700370385,0.0030019445500594276,0.0026313204148182166
7200,28800,PULL,5,0.19939057522652603,0.0057508957120730115,0.005040882347533265,91822.39598965309,1552.496219708358,1360.8229361751,6.5467079162597654,0.32285439611374217,0.2829943556056288,13.4076578125,0.6612058032409437,0.5795724402803275,0.5016533828573875,0.004839649930027374,0.0042421402024905765,0.8445629749774834,0.02280002811212621,0.019985105797067197
7200,28800,PUSH,5,0.16890094108462192,0.00704137474102288,0.006172037089783037,78837.67925654209,1698.182922179189,1488.5229612709854,77.69614944458007,7.3740690778367695,6.463656533698304,159.1217140625,15.102093471409704,13.237568581014127,0.3644711994326949,0.005386435950904942,0.00472141928152749,0.8655193898839583,0.019377921417183645,0.016985497024176902
7200,28800,GOSSIP,5,0.0646040916555277,0.009117463964636257,0.007991809529273912,19549.42048843235,1860.621087787607,1630.9062912037757,32.87688674926758,5.862675172631814,5.138861364673979,51.79374158653845,9.235968271961502,8.095683134501774,0.19698459750104616,0.08022533758510599,0.07032060887640099,0.9499719726589729,0.025077655122603633,0.021981533895611517
7200,28800,MIXED,5,0.002220976094407161,0.0005802767798286846,0.000508635023580954,1161.4454005126831,12.498358082648984,10.955293885735328,504.66745834350587,43.09441485166028,37.77392009508445,795.0453497596154,67.89027816630788,59.508452580563805,0.0016600402678666505,0.0012077375881805708,0.0010586286716921338,0.9979538667850061,0.0028533010367127326,0.0025010286307172347
7200,86400,PULL,5,0.32820543974741384,0.00706202666034683,0.006190139295208921,263494.21639343153,3585.026108456664,3142.4139352112884,3.104010009765625,0.11270986024260811,0.09879454842089329,6.3570125,0.2308297937768613,0.20233123516598936,0.7482077217333274,0.0028704425717956477,0.0025160538486894,0.5688887235618963,0.025959543439898963,0.02275454308821734
7200,86400,PUSH,5,0.3018574275149134,0.006149502040759869,0.005390276199637797,246838.11011854978,4502.502274152198,3946.6172523098694,30.01907272338867,2.1596004101094737,1.8929732219265532,61.4790609375,4.422861639904199,3.876809158505578,0.6770395980704673,0.0037731734861071605,0.0033073323830875036,0.5867646525173078,0.027641471169022658,0.024228817744557814
7200,86400,GOSSIP,5,0.08534292284627307,0.01729724531029288,0.015161704004223295,26029.671183938186,5519.622015005253,4838.162013977195,26.573191833496093,8.56076709686782,7.503843209910869,41.862997596153846,13.486500780296382,11.821439149151892,0.361993649710995,0.11705192776950414,0.10260053841688258,0.965834699037549,0.02995285875692759,0.026254838293968453
7200,86400,MIXED,5,0.003631508614753306,0.00046107509047859535,0.000404150136056466,1610.6505393350774,28.36995852567512,24.867365066645636,493.78123779296874,38.34985637064069,33.61513122266553,777.8953653846154,60.41577372851701,52.9567605723223,0.002239135722436535,0.0015561984942713465,0.0013640681229120306,0.9966770522096313,0.0024673959597146505,0.002162767916585474
14400,600,PULL,5,0.14403561157352382,0.003992121144124329,0.003499248467049084,15784.0256847054,1077.1573361740475,944.1700342499232,11.804181671142578,0.6860103064145985,0.6013145459361329,24.174964062500003,1.404949107537098,1.2314921900772002,0.10598942733820416,0.001097077813544286,0.0009616311025352103,0.9692858075738122,0.01229621000462585,0.01077810328289491
14400,600,PUSH,5,0.1017112040220153,0.0034848475517216407,0.0030546035586143344,8.148273124784328,2.6125420702973305,2.289994091999043,336.2424652099609,34.56039220294339,30.293519427575372,688.62456875,70.77968323162807,62.041127787674355,0.10062436946529314,0.0012026892042785004,0.001054203568096168,1.0,0.0,0.0
14400,600,GOSSIP,5,0.05254435896065816,0.0038447703825073634,0.0033700898298004186,16960.276896912932,146.9612055598069,128.8171763093229,34.624383544921876,2.551731837390697,2.236691572712367,54.54672115384616,4.019959079212422,3.523649493011483,0.08452943861738886,0.006539924060603731,0.005732496188740987,0.9712370270860073,0.012064787248073588,0.010575252292939943
14400,600,MIXED,5,7.599593362675968e-05,0.00010423521467220695,9.136619405728457e-05,1.6457058093423096,0.5462720988758127,0.47882860654073905,431.8103622436523,41.89237696271935,36.720287430053155,680.2674014423077,65.99660616896095,57.84857588980683,0.0011074184572881667,0.0009941787752909795,0.0008714361187485424,1.0,0.0,0.0
14400,3600,PULL,5,0.14458705966573823,0.004338482979217559,0.0038028480014164574,25789.230704996364,332.37738871428996,291.3416266568173,11.667085266113281,0.5199079994371058,0.4557194544846179,23.894190625,1.0647715828471933,0.9333134427844983,0.12960174356881987,0.0015982127025889888,0.001400895200233112,0.9572436082683925,0.006942253686203604,0.006085153654484703
14400,3600,PUSH,5,0.10535118496645393,0.004884647283998302,0.00428158212226693,4858.554926512695,66.91754127105638,58.655811098338056,288.05144958496095,29.308203615736833,25.68977314861153,589.92936875,60.02320100502904,52.61265540835642,0.10171010800885497,0.0010696929937362332,0.0009376272496273937,0.9917613315003582,0.006408051573202577,0.005616904857034129
14400,3600,GOSSIP,5,0.05146073188770589,0.0018928763337516192,0.0016591792608655262,16782.180284332688,247.69372820422504,217.11312543508157,37.449614715576175,4.500123163181193,3.944531869597854,58.997546875,7.0894247986116,6.214154822258771,0.08630728374819599,0.007742156611855734,0.006786299482811078,0.9689400868628415,0.009704164153048042,0.008506074918724581
14400,3600,MIXED,5,0.0006567779058434353,0.0002351470329021345,0.00020611546210840852,255.06661028545992,6.107911171287778,5.353820195175694,455.64124755859376,43.3996350149843,38.04145736413651,717.8102115384615,68.37111731591372,59.92992667827044,0.0011021029655715058,0.0010412890686576665,0.0009127301115644272,0.9996533795493935,0.0007750668899479276,0.0006793760831889025
14400,14400,PULL,5,0.16103065258294616,0.0031308917035381234,0.002744347578286134,47653.252085140186,392.30311756682727,343.8688439564909,9.55379638671875,0.43272667685959093,0.37930165593316717,19.566174999999998,0.8862242342084418,0.7768097913511259,0.2848342067405782,0.004383531023704861,0.003842334353389458,0.9229967102238362,0.014967411811430638,0.01311951490097613
14400,14400,PUSH,5,0.12463248288808922,0.004850661234821705,0.004251792036698685,32399.716697481774,651.6195095884057,571.1696834106623,182.49008026123047,17.571586918005337,15.402175025912737,373.73968437499997,35.98661000807494,31.543654453069287,0.1665149723051275,0.003106262679069518,0.0027227592864970617,0.9457647204971312,0.009161074846956472,0.008030036153065195
14400,14400,GOSSIP,5,0.05604290429039869,0.002513426092377954,0.002203115106799678,17591.750587574454,807.5069813501631,707.8110770210109,37.62383346557617,2.646484274241755,2.319745745526794,59.272008413461535,4.169230610497779,3.654491759106825,0.11323222789744207,0.030415854623531937,0.026660672064531724,0.9765001513691145,0.015117617462531057,0.013251175959190469
14400,14400,MIXED,5,0.0013371974251647684,0.0004262512886030915,0.0003736257278708504,650.159284497737,9.452619595833312,8.285586392838109,492.01518936157225,44.12095479702986,38.67372203007484,775.1131598557693,69.50747340332087,60.92598670584097,0.001382834273098516,0.0010107623302434091,0.0008859722455719789,0.9982790700370385,0.0030019445500594276,0.0026313204148182166
14400,28800,PULL,5,0.1940557531866513,0.0045980154512393345,0.004030338243341684,86330.1327863422,1395.0498660855405,1222.8151223671448,7.24133071899414,0.3600097788818391,0.3155624845526285,14.8302453125,0.737300027150007,0.6462719683637835,0.451757436426573,0.00323910557608945,0.0028392012197383737,0.8559101352707357,0.019857917766914156,0.017406232375220983
14400,28800,PUSH,5,0.15997075783351453,0.005412333869533888,0.004744119808087283,72204.45643486534,1335.8274814500642,1170.9044134559956,122.92643203735352,13.01746098191647,11.410307638806422,251.7533328125,26.659760090964927,23.36831004427555,0.32084593166153286,0.0026295501635264125,0.0023049023430291725,0.8742243248505963,0.01981182630550254,0.0173658314279887
14400,28800,GOSSIP,5,0.05744747160763628,0.0037287121574810125,0.0032683603102417183,18103.867467735534,836.4426130472121,733.1742764840386,38.31709594726563,6.169349232509592,5.407673030244421,60.36416346153847,9.719097867830495,8.519164896877363,0.13365822670405003,0.03320727367962386,0.029107458747670782,0.9754909650183494,0.00314031842845783,0.0027526104669945905
14400,28800,MIXED,5,0.0012132022383472012,0.00029242681952794706,0.0002563234087881526,894.0517309231807,8.283636135448626,7.260927211896819,502.98867111206056,43.82565429094128,38.41487972395642,792.4006141826923,69.04226152911367,60.51821051897136,0.0015230270315670768,0.0010959502406432582,0.0009606427413099465,0.9982790700370385,0.0030019445500594276,0.0026313204148182166
14400,86400,PULL,5,0.31606094463951023,0.004543818523007168,0.003982832541187754,253075.88350234152,8119.440202659583,7117.0031310974655,3.534526824951172,0.18012324013099154,0.15788498123008277,7.2387109375,0.3688923957882708,0.3233484415592096,0.7164199014402525,0.0026440450853427483,0.0023176077021890423,0.5865618696984114,0.022880651042040605,0.020055774910986042
14400,86400,PUSH,5,0.2842747131450076,0.003960976512509415,0.0034719489937864298,237033.72008768338,8630.869062877711,7565.290292361831,52.664669036865234,5.596892419288056,4.905892509614289,107.85724218749999,11.462435674701936,10.04726785969006,0.6354892750638719,0.003120290491278778,0.0027350552060338602,0.6055800462939464,0.019999090997927158,0.017529976168151138
14400,86400,GOSSIP,5,0.08704875294141563,0.014155620297424286,0.012407948265496866,26511.756161030306,3336.4688834156686,2924.54392142706,25.527043914794923,1.8986753847818787,1.6642623532105174,40.21491225961539,2.991143990794836,2.6218533072116452,0.3554411023274577,0.062094971758020014,0.05442864254145005,0.944103693642868,0.0566291096990374,0.04963760320659739
14400,86400,MIXED,5,0.0022045322154130723,0.0004765628091118218,0.00041772571999513754,1332.4427407339833,24.186890285135455,21.200744090021722,501.4771446228027,41.356207268664626,36.25031397176757,790.0193786057692,65.15193268171166,57.10818693398459,0.001912831890301728,0.0013201828349591266,0.001157191276185221,0.9973274587136963,0.002382134846841807,0.0020880332560508576
