sweep_dim,sweep_value,strategy,n_runs,far_mean,far_std,far_ci95,delay_mean_mean,delay_mean_std,delay_mean_ci95,bandwidth_mb_mean,bandwidth_mb_std,bandwidth_mb_ci95,bandwidth_per_node_kb_mean,bandwidth_per_node_kb_std,bandwidth_per_node_kb_ci95,expired_ttl_rate_mean,expired_ttl_rate_std,expired_ttl_rate_ci95,coverage_rate_mean,coverage_rate_std,coverage_rate_ci95
mean_offline_duration,600,PULL,5,0.14492000538490357,0.005173316470532519,0.004534611820514159,18289.18487736447,2283.277497582214,2001.3809688670613,11.837831115722656,0.6797870540661762,0.5958596247415875,24.243878125000002,1.3922038867275288,1.2203205114707714,0.10855827516479363,0.0005004157673112086,0.0004386337597064672,0.9692858075738122,0.01229621000462585,0.01077810328289491
mean_offline_duration,600,PUSH,5,0.0001973906330678177,0.0001347642444836401,0.00011812606854791356,20.2990396877967,1.9971695712222264,1.7505963141480263,355.35498428344727,36.151756367828206,31.688411619834103,727.7670078125,74.0387970413122,64.89786699742027,0.00044227254238976565,8.874727927061142e-05,7.779042011276006e-05,1.0,0.0,0.0
mean_offline_duration,600,GOSSIP,5,0.05328165470670186,0.0027304110185051096,0.0023933107804056095,16848.95835251797,225.08671826570526,197.2972075267885,37.40230255126953,3.247597009022619,2.846644288874233,58.92301201923076,5.1162143649833265,4.484559618164945,0.08602383737950228,0.005823796822386063,0.005104782988144982,0.9812346436247837,0.01046831850910261,0.009175885744217292
mean_offline_duration,600,MIXED,15,0.00016552933187235022,0.00015864549914601397,8.028569981605461e-05,11.00580134630196,1.3238372014144408,0.6699540593979472,437.5726043701172,37.50159642090883,18.978426296864555,689.3451490384615,59.07943805386254,29.89832081229124,0.0009313251649407793,0.0007115434268270737,0.000360090656714736,1.0,0.0,0.0
mean_offline_duration,1800,PULL,5,0.1424592655329906,0.004620570606181203,0.004050108708341363,24828.725045458617,742.9423749008788,651.2177042282515,11.738413238525391,0.5096048907972596,0.44668838157569946,24.040270312500002,1.0436708163527864,0.9148178054670316,0.1263297923703226,0.0007931966339881083,0.0006952675045036006,0.9563399938105611,0.00664420664406426,0.005823903903371906
mean_offline_duration,1800,PUSH,5,0.002086243945033028,0.0008395931487907035,0.0007359358428225305,1607.6639776146715,19.232564593944552,16.858086150976536,292.9940132141113,28.60469595990736,25.073121499690046,600.0517390625,58.582417325890276,51.34975283136522,0.0010577895573890181,0.00015708418321255395,0.00013769035744649432,0.9973274587136963,0.0026450956254348537,0.0023185285411801843
mean_offline_duration,1800,GOSSIP,5,0.05305624286922113,0.0031981447255296502,0.002803297451201348,16815.24546714358,176.51318952634585,154.72063235683558,42.81673583984375,6.489555624445185,5.688346307850007,67.45282692307693,10.223546091433642,8.961333260366779,0.09031042063713847,0.007216314825666196,0.0063253788349138295,0.9803246495036484,0.011050858271768417,0.009686504359712888
mean_offline_duration,1800,MIXED,5,0.0005007408337254184,0.0002136438258454275,0.00018726707008489293,331.221828914311,2.1930300787741928,1.9222756184735987,463.7072639465332,43.88190674272644,38.46418717194474,730.5172896634615,69.13088077623362,60.59588871395598,0.0010387124232022617,0.0011553323030642742,0.0010126934139712174,0.9996533795493935,0.0007750668899479276,0.0006793760831889025
mean_offline_duration,3600,PULL,5,0.14630123354938723,0.0040650959600963404,0.003563213713519394,28503.4287855208,216.66353387340163,189.9139608746117,11.208177185058593,0.5130882628946748,0.44974169184159213,22.954346875000002,1.0508047624082937,0.9210709848915803,0.1642275098737212,0.002003689617919834,0.0017563113870598974,0.9536142931903842,0.009326856680038584,0.008175350336761998
mean_offline_duration,3600,PUSH,5,0.007327548220964345,0.0012658626269482017,0.0011095775145407933,4665.749082969816,36.104482940714945,31.64697463398469,225.96987915039062,21.08851142795958,18.48489527810192,462.7863125,43.189271404461216,37.857065529552735,0.002331033210107057,0.0002031588146182088,0.0001780765525281204,0.9917613315003582,0.005755982829186051,0.005045341402285576
mean_offline_duration,3600,GOSSIP,5,0.05292050236786459,0.0023457628226068324,0.0020561517711327375,16869.264997433515,152.80381065210454,133.938445472932,45.404988861083986,7.009545560717912,6.144137583137675,71.53032091346155,11.042730237192526,9.679379823281506,0.09430238105252574,0.006514225298883194,0.005709970230908268,0.968892407452636,0.019091790034236524,0.016734691808852713
mean_offline_duration,3600,MIXED,5,0.0008828268359598476,0.0004535870597049528,0.0003975865876920958,564.3249796535051,4.697934629582421,4.117921264753862,485.1012321472168,44.789030277879,39.25931600827242,764.2210180288462,70.5599492377663,61.848522449955325,0.001078232396158196,0.001152182718010097,0.0010099326809486508,0.9986256904876452,0.002257517823772252,0.0019788016192338813
mean_offline_duration,7200,PULL,5,0.15320420903811013,0.004811431100186196,0.00421740530755659,36046.335083530415,191.5445811796822,167.8962280618825,10.134489440917969,0.46291839589646944,0.4057658644937888,20.755434375,0.9480568747959685,0.8310084904832785,0.24278377389852013,0.0013990602557477135,0.00122633038389629,0.9402587624393753,0.01135737355787059,0.009955176853932855
mean_offline_duration,7200,PUSH,5,0.015904952854812235,0.001753324795125514,0.001536856943986324,11241.409573421426,140.92915837201554,123.52985382761084,153.78610382080078,13.260805784661407,11.623608763002736,314.95394062500003,27.158130246986563,23.8051507466296,0.019319747151151555,0.0012653395350200874,0.0011091190042497733,0.9780044160364803,0.007368317483488136,0.006458615038968825
mean_offline_duration,7200,GOSSIP,5,0.05384465312336495,0.001965019364944605,0.0017224154158308848,17460.330251057658,294.3209424177454,257.98368070356895,41.096675872802734,4.610685980089482,4.041444451559046,64.74307091346154,7.26360375940251,6.366829412917638,0.11349038249294163,0.012959480604993485,0.011359485597655367,0.9711108961480752,0.014886024397784569,0.013048175687521332
mean_offline_duration,7200,MIXED,5,0.001254048731181901,0.0005097668932724864,0.0004468303830061746,821.833152284071,14.120163240134843,12.376868784467396,500.31863327026366,44.43962005053947,38.9530444402894,788.1942776442307,70.00949374115758,61.36602693362517,0.001146683066385594,0.0010919274911180255,0.0009571166458831555,0.9979538667850061,0.0028533010367127326,0.0025010286307172347
mean_offline_duration,14400,PULL,5,0.1661588408638727,0.0074011777539486606,0.0064874183359842595,54446.6721117103,605.2684824656219,530.5412168010578,8.356782531738281,0.38603315137441274,0.33837297627232804,17.114690625,0.7905958940147967,0.6929878554057274,0.3699428202169134,0.001712235958324003,0.001500840990562131,0.9061339879229596,0.0157975114819503,0.01384712934319793
mean_offline_duration,14400,PUSH,5,0.03810009017313503,0.003763789854911566,0.0032991072676936822,25255.743867907528,221.5095342483058,194.1616674874636,93.51463775634765,9.324206545328202,8.173027391268114,191.517978125,19.09597500483216,16.7383600973171,0.1239956542029826,0.0018799026826042135,0.001647807354239795,0.9592258360350518,0.0060902503383073936,0.005338339792526997
mean_offline_duration,14400,GOSSIP,5,0.060638805089084466,0.005798272098611398,0.005082409581297896,18237.544176551524,685.9664131511662,601.2760717943836,36.30958786010742,3.401077028245527,2.9811754572930287,57.20156610576923,5.358004426036027,4.696497951181629,0.14447670543706076,0.030554101875054838,0.026781851123357948,0.9713869474760258,0.015672865132116062,0.013737872000338311
mean_offline_duration,14400,MIXED,5,0.002106479165122732,0.0006285157423663908,0.0005509183385451177,1102.472711551391,9.192811519215471,8.057854572833092,503.66898651123046,42.94773034247392,37.64534545383998,793.4723725961538,67.65919364722046,59.30589806881869,0.0013004489718514973,0.0010872818522250183,0.0009530445638525924,0.9976526619657289,0.002655971678837492,0.0023280618223163892
mean_offline_duration,28800,PULL,5,0.201993459354563,0.007346280489275788,0.006439298761874022,94519.38643848225,638.4004482279383,559.58266524877,6.1232444763183596,0.3101464087749847,0.27185531357533477,12.5404046875,0.6351798451711689,0.5567596822022859,0.5315432554311098,0.002442912014824978,0.002141306792654253,0.8407279860474233,0.01807600306970653,0.015844315277140596
mean_offline_duration,28800,PUSH,5,0.0798265892462425,0.004529018172985641,0.003969859462402095,52907.88744636095,573.9498351757051,503.08921207404916,52.183345794677734,4.941753529411568,4.331637953366998,106.87149218750001,10.120711228234894,8.871194528495614,0.3372044681764688,0.0034441932548656155,0.0030189684962461036,0.9083783224045003,0.015379669064049594,0.013480874315476859
mean_offline_duration,28800,GOSSIP,5,0.06336186657342083,0.00947510680417767,0.008305297300019126,20907.631564299023,1205.1781075180363,1056.3851879747126,30.20121078491211,3.365840806460893,2.9502895471181936,47.578522836538454,5.302493824332239,4.6478407634600485,0.24493977036635667,0.04280884944153867,0.03752361097681507,0.9693672265333596,0.012497391217026612,0.01095444639065069
mean_offline_duration,28800,MIXED,5,0.0023383054904333213,0.0006236860844245532,0.0005466849567064377,1394.4361088589849,17.031097751234842,14.928415382856324,500.1770133972168,40.823816247674266,35.78365266645794,787.971171875,64.31321205787451,56.373015893004485,0.0017779463686041573,0.0013074588673973116,0.0011460382268718267,0.9973274587136963,0.0026450956254348537,0.0023185285411801843
mean_offline_duration,43200,PULL,5,0.2387174650690016,0.00525669885363353,0.0046076997017961575,139280.98363384118,3063.6513331003985,2685.4087949467744,4.831755828857422,0.23437932723242888,0.20544253841925242,9.8954359375,0.48000886217201444,0.420746318682629,0.6260234437867007,0.003684462864023742,0.0032295740944160156,0.7607912048644543,0.023362874435622665,0.02047846235203497
mean_offline_duration,43200,PUSH,5,0.12168838035343146,0.0036094000592416897,0.003163778645058825,81760.37882345522,1954.4546785002199,1713.1550598670433,36.614281463623044,3.6955691385724876,3.239309173284181,74.98604843749999,7.568525595796457,6.634105186886005,0.4792870558719649,0.00505712231410396,0.004432763151828059,0.8591108558105336,0.020230571097474212,0.017732877421457183
mean_offline_duration,43200,GOSSIP,5,0.06888089656350524,0.009229975213550661,0.008090429987189868,22070.84340505462,3068.052439379591,2689.2665346908325,30.899120330810547,4.49685489845602,3.9416671092570246,48.67799879807693,7.084276024644562,6.209641722891068,0.27764081412259817,0.09023737644213042,0.07909654787164996,0.9663308208664676,0.023919149540359563,0.020966058979800917
mean_offline_duration,43200,MIXED,5,0.003034298202179944,0.0007266513574221972,0.0006369379978063035,1574.8301867852542,19.94132162775209,17.47933908256945,494.43724517822267,38.925942177298666,34.120092696293064,778.928829326923,61.32333044546746,53.7522691092371,0.0019885991412939355,0.0013338304917409286,0.0011691539747979178,0.9970022554616639,0.002313551133996063,0.002027916981174473
mean_offline_duration,86400,PULL,5,0.33591211310545815,0.012383893735689322,0.010854961461900972,272105.49444819806,8306.46421475608,7280.936905650691,2.9180328369140627,0.11603019842752732,0.10170495316168218,5.97613125,0.237629846379576,0.20829174407512516,0.7627780390373962,0.006430010055235737,0.0056361523151696,0.5533470477170706,0.02669034200833805,0.023395116276757957
mean_offline_duration,86400,PUSH,5,0.23711206125454778,0.008610529172535974,0.007547461592397897,167036.47690817606,5069.047057185148,4443.215649996411,18.758494567871093,1.5299526002129835,1.341062582440086,38.417396875,3.1333429252361897,2.7464961688372953,0.6788811753378785,0.008661178889697495,0.007591858026958702,0.7182529380483407,0.02711050574005098,0.023763406025747672
mean_offline_duration,86400,GOSSIP,5,0.10189841212792591,0.02801230256267529,0.02455386579268194,31712.897454185248,8761.096472554475,7679.439649865645,23.78144226074219,5.388823703223313,4.723512238714436,37.46491826923077,8.489469957077958,7.441348511451666,0.40619281652384026,0.06925352433468138,0.06070339053276311,0.9663755662891405,0.009329107045452704,0.00817732286901775
mean_offline_duration,86400,MIXED,5,0.0043938273386092625,0.001296241818258166,0.0011362060497940492,1866.1757132859377,26.221612271832225,22.98425654762814,486.17187423706054,38.774114555687966,33.987009918241874,765.9076911057693,61.084143546191534,53.54261254812262,0.0021147629533915394,0.0014640306449694206,0.001283279440971438,0.9963518489575988,0.0028073365216416636,0.002460738956858559
